"Qubit","T1 (us)","T2 (us)","Frequency (GHz)","Anharmonicity (GHz)","Readout assignment error ","Prob meas0 prep1 ","Prob meas1 prep0 ","Readout length (ns)","ID error ","Z-axis rotation (rz) error ","âˆšx (sx) error ","Pauli-X error ","ECR error ","Gate time (ns)","Operational"
"0","493.9490633985881","155.12083840605976","4.635662846425661","-0.3132760394092362","0.008799999999999919","0.0102","0.007399999999999962","1216","0.0003452041661557806","0","0.0003452041661557806","0.0003452041661557806","","","true"
"1","272.577781591026","205.7272572249517","4.736296869971339","-0.3129180725120383","0.019399999999999973","0.020399999999999974","0.0184","1216","0.00044251311941855914","0","0.00044251311941855914","0.00044251311941855914","1_2:0.005575009238369372;1_0:0.015963647311897478","1_2:533.3333333333333;1_0:533.3333333333333","true"
"2","273.48778737220687","223.60489655343466","4.819178499281037","-0.3112951524093254","0.01540000000000008","0.014800000000000035","0.016","1216","0.00016977157926551732","0","0.00016977157926551732","0.00016977157926551732","","","true"
"3","323.96760098518774","292.0912195244242","4.747182082348841","-0.3111534699659636","0.014499999999999957","0.0148","0.01419999999999999","1216","0.0004799014506971573","0","0.0004799014506971573","0.0004799014506971573","3_2:0.009888962359557135","3_2:533.3333333333333","true"
"4","296.54661193117124","152.0417404809121","4.787874618691494","-0.31094540176555985","0.04390000000000005","0.03600000000000003","0.0518","1216","0.0002179124824542631","0","0.0002179124824542631","0.0002179124824542631","4_3:0.00906860173839441;4_15:0.005846933017418593","4_3:533.3333333333333;4_15:533.3333333333333","true"
"5","223.6475511928621","91.93083521029902","4.850837438806149","-0.31056606217183785","0.0716","0.049000000000000044","0.0942","1216","0.0002510730199869331","0","0.0002510730199869331","0.0002510730199869331","5_4:0.006468899025684621","5_4:533.3333333333333","true"
"6","300.1077786963635","45.63353513175387","4.8995542684000535","-0.3090557835234433","0.08089999999999997","0.04279999999999995","0.119","1216","0.00026820415860171365","0","0.00026820415860171365","0.00026820415860171365","6_5:0.006136400101281636","6_5:533.3333333333333","true"
"7","226.53845155178638","20.441244677468916","4.755796861500931","-0.31100390518358323","0.016000000000000014","0.010399999999999965","0.0216","1216","0.00025120578852412973","0","0.00025120578852412973","0.00025120578852412973","7_6:0.006543185118571826;7_8:0.015345093695315781","7_6:533.3333333333333;7_8:533.3333333333333","true"
"8","335.2045009099259","12.57114908232959","4.812595340291288","-0.31334511346081884","0.06580000000000008","0.07040000000000002","0.0612","1216","0.001722922270804214","0","0.001722922270804214","0.001722922270804214","8_9:0.010521120918111332","8_9:533.3333333333333","true"
"9","439.55356999908815","77.93796245854381","4.638198814237326","-0.29264088813258476","0.05600000000000005","0.04720000000000002","0.0648","1216","0.00019445909549920874","0","0.00019445909549920874","0.00019445909549920874","","","true"
"10","288.849561488187","200.2962762701244","4.804388478637297","-0.31122742580861","0.006899999999999906","0.008399999999999963","0.0054","1216","0.00022819259338798008","0","0.00022819259338798008","0.00022819259338798008","10_11:0.004147146364382098;10_9:0.005741599924370261","10_11:533.3333333333333;10_9:533.3333333333333","true"
"11","388.0602777812009","74.88920971918478","4.743312140873306","-0.31179417408967897","0.008399999999999963","0.0096","0.007199999999999984","1216","0.0001871635942181699","0","0.0001871635942181699","0.0001871635942181699","11_12:0.0032546583427017495","11_12:533.3333333333333","true"
"12","282.6308669387062","244.46643530668234","4.6259367630497845","-0.31372359565205904","0.023700000000000054","0.02639999999999998","0.021","1216","0.00015772824282578811","0","0.00015772824282578811","0.00015772824282578811","12_13:0.014106742549134021","12_13:533.3333333333333","true"
"13","217.94350289344828","76.5398398627118","4.556976802504636","-0.31377871528415735","0.03410000000000002","0.037","0.031200000000000006","1216","0.00034748241414985415","0","0.00034748241414985415","0.00034748241414985415","","","true"
"14","295.32189402266863","73.63071695252705","4.510048501832088","-0.3157712274724498","0.02100000000000002","0.030000000000000027","0.012","1216","0.00043649148609578613","0","0.00043649148609578613","0.00043649148609578613","14_0:0.0070810830475895314;14_18:0.008697128374578394","14_0:533.3333333333333;14_18:533.3333333333333","true"
"15","473.609103104526","417.88222338402335","4.599052211585765","-0.32044986829453664","0.08820000000000006","0.0938","0.0826","1216","0.00014047172676540437","0","0.00014047172676540437","0.00014047172676540437","","","true"
"16","247.7388021686174","21.493470001882834","4.937433915435484","-0.3088315131283205","0.06769999999999998","0.0488","0.08660000000000001","1216","0.0010532323576465195","0","0.0010532323576465195","0.0010532323576465195","16_8:0.026866566990572965","16_8:533.3333333333333","true"
"17","413.221488444754","79.55256877430114","4.752796046027558","-0.31153154230934604","0.016100000000000003","0.021199999999999997","0.011","1216","0.000492310689801169","0","0.000492310689801169","0.000492310689801169","17_12:0.003200846969264204;17_30:0.005407915240607519","17_12:590.2222222222222;17_30:590.2222222222222","true"
"18","247.9637990310882","21.915668341471495","4.659441383854667","-0.2892599847835004","0.06489999999999996","0.05159999999999998","0.0782","1216","0.0003136320820057682","0","0.0003136320820057682","0.0003136320820057682","18_19:0.025671132489288012","18_19:533.3333333333333","true"
"19","562.6720517988625","37.94769382321593","4.820724754835776","-0.31198328628677313","0.03390000000000004","0.04400000000000004","0.0238","1216","0.00044416814002829586","0","0.00044416814002829586","0.00044416814002829586","19_20:0.007013103426094985","19_20:533.3333333333333","true"
"20","500.5298433824428","82.78492189025297","4.738281537383697","-0.3119696404967832","0.052999999999999936","0.05579999999999996","0.0502","1216","0.0002364943642197353","0","0.0002364943642197353","0.0002364943642197353","20_33:0.010433517698941075","20_33:533.3333333333333","true"
"21","164.58382840221321","28.311385581434536","4.773884418536997","-0.3114254225761893","0.09409999999999996","0.09319999999999995","0.095","1216","0.0004073966897562055","0","0.0004073966897562055","0.0004073966897562055","21_22:0.007985442088493111;21_20:0.024948382508214878","21_22:803.5555555555555;21_20:533.3333333333333","true"
"22","404.3587811375273","265.5760895435883","4.668485116083367","-0.31331663183442576","0.029000000000000026","0.029000000000000026","0.029","1216","0.00014491253475611422","0","0.00014491253475611422","0.00014491253475611422","22_15:0.04485577915478295","22_15:590.2222222222222","true"
"23","220.72953031548266","24.846726094297132","4.75809372458223","-0.31173856129806604","0.008900000000000019","0.008600000000000052","0.0092","1216","0.00037388006907030014","0","0.00037388006907030014","0.00037388006907030014","23_24:0.018509298236853544;23_22:0.010816669628229886","23_24:533.3333333333333;23_22:533.3333333333333","true"
"24","110.37901830346307","18.63302988913294","4.611448454806462","-0.31354982608399573","0.031000000000000028","0.028200000000000003","0.0338","1216","0.0004998940874336063","0","0.0004998940874336063","0.0004998940874336063","","","true"
"25","230.6916754992174","288.9396739670641","4.731645269835475","-0.3122550841543125","0.021100000000000008","0.022199999999999998","0.02","1216","0.00014532456209006","0","0.00014532456209006","0.00014532456209006","25_24:0.008802085778306878","25_24:533.3333333333333","true"
"26","332.0681605382789","125.7161552544901","4.777297396817984","-0.31228117808626144","0.005199999999999982","0.0050000000000000044","0.0054","1216","0.00018943701185605822","0","0.00018943701185605822","0.00018943701185605822","26_25:0.004538848835797221;26_16:0.016526128424034697;26_27:0.005011451233301933","26_25:533.3333333333333;26_16:533.3333333333333;26_27:533.3333333333333","true"
"27","365.7000148242047","125.33836153815115","4.6803602306776435","-0.31282791406798793","0.006800000000000028","0.00880000000000003","0.0048","1216","0.00024789843497690034","0","0.00024789843497690034","0.00024789843497690034","","","true"
"28","213.7420009896338","77.61244793640947","4.743985018623886","-0.27186381179166696","0.03400000000000003","0.03059999999999996","0.0374","1216","0.0017207521984379777","0","0.0017207521984379777","0.0017207521984379777","28_27:0.008017478608528639","28_27:533.3333333333333","true"
"29","282.22741881763926","163.14778449888516","4.791732162124575","-0.32426284330226407","0.009200000000000097","0.011600000000000055","0.0068","1216","0.00018379649191587743","0","0.00018379649191587743","0.00018379649191587743","29_30:0.011749130300525185;29_28:0.020417893407359","29_30:533.3333333333333;29_28:533.3333333333333","true"
"30","344.67992955462785","289.28622170392316","4.692900290899958","-0.3126801438234927","0.013900000000000023","0.019399999999999973","0.0084","1216","0.00040108635457241704","0","0.00040108635457241704","0.00040108635457241704","","","true"
"31","247.69772587649072","39.07258723659751","5.057529083520848","-0.3070059221402992","0.00990000000000002","0.0142","0.005600000000000049","1216","0.00044282037161650186","0","0.00044282037161650186","0.00044282037161650186","31_30:0.014007417284705198;31_32:0.004275311598246456","31_30:533.3333333333333;31_32:533.3333333333333","true"
"32","326.7628085746976","251.83970143779604","4.929968620604567","-0.30828223495463736","0.027700000000000058","0.029000000000000026","0.0264","1216","0.00012309855715095008","0","0.00012309855715095008","0.00012309855715095008","32_36:0.00533011269783179","32_36:533.3333333333333","true"
"33","393.34357545025756","391.6459184032027","4.677511905656563","-0.3137282279838826","0.009500000000000064","0.01200000000000001","0.007","1216","0.00028407091862730675","0","0.00028407091862730675","0.00028407091862730675","33_39:0.006511606529622321","33_39:533.3333333333333","true"
"34","181.42045423786772","52.926408371471034","4.710723329034998","-0.28769666514137593","0.11460000000000004","0.0696","0.1596","1216","0.0006871824117592716","0","0.0006871824117592716","0.0006871824117592716","34_24:0.013334361161842195","34_24:533.3333333333333","true"
"35","226.88818184314306","57.78488669552036","4.9145274034418005","-0.30919638014483275","0.0121","0.015199999999999991","0.009","1216","0.00030256750597899645","0","0.00030256750597899645","0.00030256750597899645","35_47:0.005193218212100975;35_28:0.011470529676752883","35_47:533.3333333333333;35_28:533.3333333333333","true"
"36","304.2373463600709","69.30858184446352","4.853991940588241","-0.31028310857915326","0.005300000000000082","0.0048","0.005800000000000027","1216","0.00011646379801772287","0","0.00011646379801772287","0.00011646379801772287","36_51:0.003959529733367523","36_51:533.3333333333333","true"
"37","473.9901567849953","50.51646213121343","4.593861816994554","-0.315389846608389","0.02980000000000005","0.0322","0.02739999999999998","1216","0.006402580808853626","0","0.006402580808853626","0.006402580808853626","37_38:0.009968929720266362","37_38:533.3333333333333","true"
"38","391.16836108634743","91.95103955697644","4.485857079146745","-0.31593779214327095","0.028000000000000025","0.017199999999999993","0.0388","1216","0.0003384793947371909","0","0.0003384793947371909","0.0003384793947371909","38_39:0.009954625007327716","38_39:533.3333333333333","true"
"39","427.5874954169615","130.57824873640456","4.574236575295852","-0.3140308325815774","0.03170000000000006","0.03380000000000005","0.0296","1216","0.00039985758903610244","0","0.00039985758903610244","0.00039985758903610244","","","true"
"40","452.984265085769","202.18842910938255","4.705520310734096","-0.31264268217270236","0.009600000000000053","0.011199999999999988","0.008","1216","0.00040944408407794737","0","0.00040944408407794737","0.00040944408407794737","40_39:0.010960623753893228","40_39:590.2222222222222","true"
"41","286.7643971626896","490.99615499948163","4.814564020849521","-0.3126369186509598","0.010800000000000032","0.01200000000000001","0.0096","1216","0.00017880410609907803","0","0.00017880410609907803","0.00017880410609907803","41_40:0.013616825286165202;41_53:0.004646442065584788","41_40:533.3333333333333;41_53:533.3333333333333","true"
"42","299.7498488430318","451.9353722723301","4.654733071608244","-0.3142873185900896","0.0403","0.0382","0.04239999999999999","1216","0.0002920574283652449","0","0.0002920574283652449","0.0002920574283652449","42_41:0.006514492297665847","42_41:533.3333333333333","true"
"43","364.3822940313318","177.3228883831541","4.7551445590507235","-0.31327741535760273","0.009600000000000053","0.010199999999999987","0.009","1216","0.0001810726139360789","0","0.0001810726139360789","0.0001810726139360789","43_44:0.0037861104675211144;43_34:0.009356605953060176;43_42:0.009451722385021732","43_44:533.3333333333333;43_34:533.3333333333333;43_42:533.3333333333333","true"
"44","138.83302254382946","282.4229818503144","4.868052170923375","-0.3104963912007421","0.0050000000000000044","0.006199999999999983","0.0038","1216","0.0001294093193189625","0","0.0001294093193189625","0.0001294093193189625","","","true"
"45","120.64236877521554","167.87204265747974","4.762850179061688","-0.3110511707571012","0.018799999999999928","0.033399999999999985","0.0042","1216","0.0004581622795546161","0","0.0004581622795546161","0.0004581622795546161","45_46:0.008371302596067637;45_44:0.01840503224586104","45_46:533.3333333333333;45_44:533.3333333333333","true"
"46","365.4628371968726","403.7101091192266","4.674088553602355","-0.31335055063587447","0.01079999999999992","0.016199999999999992","0.0054","1216","0.00012195742150817695","0","0.00012195742150817695","0.00012195742150817695","","","true"
"47","545.4556733625885","174.64698645832564","4.795122037806665","-0.31225140541662605","0.011900000000000022","0.017199999999999993","0.0066","1216","0.00010432275366775338","0","0.00010432275366775338","0.00010432275366775338","47_48:0.005543915498471497;47_46:0.003250528073549308","47_48:533.3333333333333;47_46:533.3333333333333","true"
"48","338.02323113522453","308.63735734827634","4.707253719586442","-0.31164980062742437","0.012399999999999967","0.014399999999999968","0.0104","1216","0.00013749996353567843","0","0.00013749996353567843","0.00013749996353567843","","","true"
"49","273.74704287320185","229.89099679198802","4.810804908106394","-0.31113135217025384","0.011600000000000055","0.017","0.006199999999999983","1216","0.00023593578466755085","0","0.00023593578466755085","0.00023593578466755085","49_50:0.006380894303784107;49_48:0.006060204314051132","49_50:590.2222222222222;49_48:533.3333333333333","true"
"50","295.45431289082296","156.74250683791342","4.879032982277444","-0.3096877134937021","0.0029000000000000137","0.0041999999999999815","0.0016","1216","0.00017080418299422628","0","0.00017080418299422628","0.00017080418299422628","50_51:0.005683440482495444","50_51:341.3333333333333","true"
"51","473.0820898551269","476.70332390086287","4.7673640034184155","-0.31093959212206534","0.00990000000000002","0.012399999999999967","0.0074","1216","0.00011515329455250306","0","0.00011515329455250306","0.00011515329455250306","","","true"
"52","106.62973154976902","20.010209308727","4.854888714566652","-0.30959763676674124","0.11410000000000009","0.039","0.18920000000000003","1216","0.0020668848856836963","0","0.0020668848856836963","0.0020668848856836963","52_37:0.02390547029214224","52_37:533.3333333333333","true"
"53","222.791532163331","269.50640577002736","4.7677906765679605","-0.3105625096653012","0.018100000000000005","0.023599999999999954","0.0126","1216","0.00035863098708631007","0","0.00035863098708631007","0.00035863098708631007","53_60:0.008192266115775476","53_60:533.3333333333333","true"
"54","139.54179332800368","52.535325188954985","4.821586433287452","-0.310411116462148","0.023499999999999965","0.0294","0.01759999999999995","1216","0.0003726592862310452","0","0.0003726592862310452","0.0003726592862310452","54_45:0.021127211416292674","54_45:533.3333333333333","true"
"55","195.01765519036672","342.5253788059578","4.907505551608643","-0.3099926060240599","0.011200000000000099","0.013800000000000034","0.0086","1216","0.00019769985808238495","0","0.00019769985808238495","0.00019769985808238495","55_49:0.0081303638892406","55_49:533.3333333333333","true"
"56","173.46210689523429","16.932450054168168","4.455280719207545","-0.31803803916063483","0.03333333333333344","0.050000000000000044","0.016666666666666666","1216","0.0003251664806220331","0","0.0003251664806220331","0.0003251664806220331","56_52:1;56_57:1","56_52:881.7777777777777;56_57:768","true"
"57","115.70280212249746","3.1070270104771316","4.834732632595024","-0.31001546755225406","0.10460000000000003","0.1096","0.09960000000000002","1216","0.00435019267005129","0","0.00435019267005129","0.00435019267005129","57_58:0.07278833667238371","57_58:533.3333333333333","true"
"58","288.0266086121729","148.3686997443229","4.70869927215245","-0.31366733324274093","0.013000000000000012","0.0144","0.011600000000000055","1216","0.00025134826247325324","0","0.00025134826247325324","0.00025134826247325324","","","true"
"59","216.48360943077657","349.40667569581905","4.810871384905674","-0.3102363990787504","0.03400000000000003","0.03300000000000003","0.035","1216","0.00015991204484053827","0","0.00015991204484053827","0.00015991204484053827","59_60:0.005124503687072457;59_58:0.015183429239462448","59_60:533.3333333333333;59_58:533.3333333333333","true"
"60","230.58191693221792","255.18094150491052","4.672400466174615","-0.31324002018211905","0.012399999999999967","0.0164","0.008399999999999963","1216","0.0003151800979075161","0","0.0003151800979075161","0.0003151800979075161","","","true"
"61","344.9522505090809","346.36411557732964","4.901574231418826","-0.30995863458067757","0.013299999999999979","0.0122","0.014399999999999968","1216","0.0001932463809357669","0","0.0001932463809357669","0.0001932463809357669","61_60:0.0075634637097886925;61_62:0.004861958910745923","61_60:533.3333333333333;61_62:533.3333333333333","true"
"62","250.87001853396117","270.4723315219352","4.771232643288424","-0.3109932039506031","0.015300000000000091","0.02180000000000004","0.0088","1216","0.0002251960088492813","0","0.0002251960088492813","0.0002251960088492813","","","true"
"63","219.39837128161327","124.28667809741218","4.994786719643829","-0.308453762666027","0.02190000000000003","0.023599999999999954","0.0202","1216","0.00019856901962934687","0","0.00019856901962934687","0.00019856901962934687","63_64:0.004988485214013155;63_62:0.0065248745203341785","63_64:533.3333333333333;63_62:533.3333333333333","true"
"64","240.55819637022228","165.39332313118635","4.878916946712759","-0.31051183745857736","0.09560000000000002","0.06820000000000004","0.123","1216","0.00016976423473653073","0","0.00016976423473653073","0.00016976423473653073","64_65:0.0054667716918160025;64_54:0.007597189600734716","64_65:533.3333333333333;64_54:533.3333333333333","true"
"65","317.3320671364635","232.14625027386765","4.758077417316479","-0.31051573933044047","0.018000000000000016","0.01959999999999995","0.0164","1216","0.00020615233811790924","0","0.00020615233811790924","0.00020615233811790924","","","true"
"66","232.55856084929832","217.47305743195977","4.809594109091326","-0.3109248312518322","0.045700000000000074","0.07740000000000002","0.014","1216","0.0031187024444124726","0","0.0031187024444124726","0.0031187024444124726","66_65:0.00839803302384809","66_65:533.3333333333333","true"
"67","265.2853331132043","182.16864859716995","4.892969690915572","-0.31039200176040205","0.018799999999999928","0.0232","0.014399999999999968","1216","0.00017551239150645246","0","0.00017551239150645246","0.00017551239150645246","67_66:0.004480191745128259","67_66:533.3333333333333","true"
"68","289.80109435874573","239.8023492784207","4.74128980189362","-0.31180260683390987","0.011199999999999988","0.0154","0.007000000000000006","1216","0.00017494949527643898","0","0.00017494949527643898","0.00017494949527643898","68_67:0.0069516343771452715;68_55:0.00826368958385909","68_67:533.3333333333333;68_55:533.3333333333333","true"
"69","313.2341219100536","33.58314316882341","4.8374208451313345","-0.30965408980565917","0.014700000000000046","0.007600000000000051","0.0218","1216","0.000263412474762535","0","0.000263412474762535","0.000263412474762535","69_68:0.005372002434475803;69_70:0.018005566682528368","69_68:533.3333333333333;69_70:533.3333333333333","true"
"70","308.26139898275835","504.7566450240251","4.708544814617813","-0.31145025923177105","0.10119999999999996","0.15000000000000002","0.0524","1216","0.0033466488188936593","0","0.0033466488188936593","0.0033466488188936593","","","true"
"71","411.7436191729915","171.6562468716926","4.846313807709312","-0.3101101834347441","0.2429","0.24119999999999997","0.2446","1216","0.0003741544540127514","0","0.0003741544540127514","0.0003741544540127514","71_58:0.01567170017176936;71_77:0.004525232519378503","71_58:533.3333333333333;71_77:533.3333333333333","true"
"72","243.5224219247628","305.4322969678345","4.874541244156005","-0.30919743263741656","0.0947","0.10340000000000005","0.086","1216","0.00015353793692595864","0","0.00015353793692595864","0.00015353793692595864","72_62:0.005018738016690949","72_62:533.3333333333333","true"
"73","311.8380295411956","106.06524605510081","4.874791310782618","-0.3102390852422053","0.005400000000000071","0.0048000000000000265","0.006","1216","0.00029892308536669433","0","0.00029892308536669433","0.00029892308536669433","73_66:0.010626545496943501;73_85:0.005724371853877086","73_66:533.3333333333333;73_85:533.3333333333333","true"
"74","165.8550719037484","202.72262141466126","4.814364844376075","-0.31129790243600725","0.0049000000000000155","0.007199999999999984","0.0026","1216","0.0002438760908389542","0","0.0002438760908389542","0.0002438760908389542","74_70:0.027041510805489694","74_70:533.3333333333333","true"
"75","238.19442562988777","264.1206023463016","4.768980178915828","-0.31042690020941655","0.044499999999999984","0.0494","0.03959999999999997","1216","0.0003643847545107667","0","0.0003643847545107667","0.0003643847545107667","75_76:0.007998653828334312","75_76:533.3333333333333","true"
"76","287.2739410640326","119.99357378621191","4.702014158307308","-0.31291705661427394","0.017900000000000027","0.01859999999999995","0.0172","1216","0.00015232668762989","0","0.00015232668762989","0.00015232668762989","","","true"
"77","325.25810696109414","199.13484180167794","4.806555827473171","-0.3107912307043456","0.01980000000000004","0.02200000000000002","0.0176","1216","0.00015330559131321655","0","0.00015330559131321655","0.00015330559131321655","77_76:0.005988956182355898","77_76:533.3333333333333","true"
"78","241.6573415097111","380.94522213830095","4.861119185862543","-0.30955241234604897","0.016699999999999937","0.022","0.011399999999999966","1216","0.00017051584762564772","0","0.00017051584762564772","0.00017051584762564772","78_77:0.005314660343732819;78_79:0.00730370107679304","78_77:533.3333333333333;78_79:533.3333333333333","true"
"79","267.0274034434527","28.027362567437134","4.786049106448157","-0.31151163662354525","0.00649999999999995","0.008000000000000007","0.005","1216","0.0001976591894273366","0","0.0001976591894273366","0.0001976591894273366","79_91:0.01053808612592047","79_91:533.3333333333333","true"
"80","46.93662968837403","112.28356505866309","5.042749015532641","-0.3079238440194016","0.011600000000000055","0.013","0.010199999999999987","1216","0.000374448930290228","0","0.000374448930290228","0.000374448930290228","80_79:0.007423306008018243;80_81:0.010900262352577822","80_79:533.3333333333333;80_81:533.3333333333333","true"
"81","191.6631308515509","136.496809805666","4.961382372136232","-0.30881300331410194","0.0038000000000000256","0.0041999999999999815","0.0034","1216","0.00018325973053317325","0","0.00018325973053317325","0.00018325973053317325","81_82:0.021962364847692734;81_72:0.0065117754244986","81_82:533.3333333333333;81_72:533.3333333333333","true"
"82","257.4427772386418","175.06748739464732","4.815062928952966","-0.31103172317325406","0.0049000000000000155","0.008000000000000007","0.0018","1216","0.0003414326005400992","0","0.0003414326005400992","0.0003414326005400992","82_83:0.007384945764310452","82_83:533.3333333333333","true"
"83","222.0478678979655","89.61771989036922","4.721440939429672","-0.2975486698247847","0.31899999999999995","0.3228","0.3152","1216","0.00021088415506978126","0","0.00021088415506978126","0.00021088415506978126","","","true"
"84","352.13712871907575","262.9694954645428","4.666014178281295","-0.3133527023161981","0.011500000000000066","0.014000000000000012","0.009","1216","0.0009642054936156901","0","0.0009642054936156901","0.0009642054936156901","84_83:0.009719983496771362","84_83:448","true"
"85","320.44552896664123","138.6341294258231","4.745281583223244","-0.3119683812702387","0.03160000000000007","0.0328","0.030399999999999983","1216","0.00015868158545604783","0","0.00015868158545604783","0.00015868158545604783","85_84:0.00970867965722852","85_84:533.3333333333333","true"
"86","227.73145788913556","210.3014414217303","4.8898848316794234","-0.30913746648321616","0.00649999999999995","0.006800000000000028","0.0062","1216","0.0001645145167502727","0","0.0001645145167502727","0.0001645145167502727","86_85:0.008165966374795747;86_87:0.006299523079549202","86_85:533.3333333333333;86_87:533.3333333333333","true"
"87","245.05667869329253","206.36359516268593","4.8244285035431655","-0.3099624961358293","0.007900000000000018","0.00880000000000003","0.007","1216","0.00020193876912530086","0","0.00020193876912530086","0.00020193876912530086","87_88:0.00901156991400015","87_88:533.3333333333333","true"
"88","127.68366141048956","108.27383914495957","4.689545562207001","-0.3191806929563948","0.0052000000000000934","0.00880000000000003","0.0016","1216","0.00018590807040574174","0","0.00018590807040574174","0.00018590807040574174","","","true"
"89","68.92885248671763","95.7338418133353","4.9479295036997915","-0.30883270351675324","0.01319999999999999","0.0138","0.012599999999999945","1216","0.0003791966968441219","0","0.0003791966968441219","0.0003791966968441219","89_88:0.010126148618435887;89_74:0.010539844172589935","89_88:533.3333333333333;89_74:533.3333333333333","true"
"90","258.37631657731566","175.0913300926934","4.803087657652578","-0.3102348928876509","0.008399999999999963","0.010600000000000054","0.0062","1216","0.000434335399847403","0","0.000434335399847403","0.000434335399847403","90_94:0.0070614957158653124;90_75:0.014582898230094565","90_94:533.3333333333333;90_75:533.3333333333333","true"
"91","109.32603955891537","163.84484262128623","4.893162358748021","-0.30983443429771806","0.0026999999999999247","0.0041999999999999815","0.0012","1216","0.00012827045041719182","0","0.00012827045041719182","0.00012827045041719182","","","true"
"92","337.5221013145823","221.33220650068264","4.827691241886364","-0.3103693565337272","0.013000000000000012","0.009800000000000031","0.0162","1216","0.0001689963888862547","0","0.0001689963888862547","0.0001689963888862547","92_83:0.006318238727743397;92_102:0.006951864560865051","92_83:533.3333333333333;92_102:533.3333333333333","true"
"93","233.40624190210428","32.36887746292649","4.910445215886609","-0.30921828977226556","0.007199999999999984","0.008199999999999985","0.0062","1216","0.00023166494687711342","0","0.00023166494687711342","0.00023166494687711342","93_87:0.007198084287183687;93_106:0.004863822217657188","93_87:533.3333333333333;93_106:533.3333333333333","true"
"94","380.8517992943608","344.9991074888639","4.719670655343433","-0.3121150063159316","0.009400000000000075","0.0132","0.005600000000000049","1216","0.00012110262589163663","0","0.00012110262589163663","0.00012110262589163663","","","true"
"95","255.237453812262","182.24078706016664","4.802277236916985","-0.3113439855731095","0.008599999999999941","0.0088","0.008399999999999963","1216","0.0005334411746552362","0","0.0005334411746552362","0.0005334411746552362","95_94:0.004677989483766742;95_96:0.008997905861576977","95_94:533.3333333333333;95_96:533.3333333333333","true"
"96","176.5184410218869","125.34557414074519","4.852635592076891","-0.3071950533738793","0.018100000000000005","0.017","0.019199999999999995","1216","0.00032128867699074165","0","0.00032128867699074165","0.00032128867699074165","","","true"
"97","215.97379731191273","255.90184043977982","4.950011325138507","-0.3087084614989645","0.014100000000000001","0.016199999999999992","0.012","1216","0.00016663747011025202","0","0.00016663747011025202","0.00016663747011025202","97_98:0.00477830418621808;97_96:0.006839129201148736","97_98:533.3333333333333;97_96:533.3333333333333","true"
"98","353.23319297952355","241.66027299810537","4.774665436990169","-0.31129479497146767","0.020399999999999974","0.01759999999999995","0.0232","1216","0.00016790192981581113","0","0.00016790192981581113","0.00016790192981581113","98_91:0.006034994104298447","98_91:533.3333333333333","true"
"99","325.8270804521787","234.43783887625943","4.832440718580444","-0.3102128571403012","0.012900000000000023","0.01200000000000001","0.0138","1216","0.00017660554033893276","0","0.00017660554033893276","0.00017660554033893276","99_98:0.006689605285887967;99_100:0.0070982428322410585","99_98:533.3333333333333;99_100:533.3333333333333","true"
"100","285.5193519664282","335.9628182163381","4.648612123666714","-0.31432473968171126","0.008199999999999985","0.011600000000000055","0.0048","1216","0.0001710055558452895","0","0.0001710055558452895","0.0001710055558452895","","","true"
"101","266.1186273501449","55.09564339724282","4.844082926458999","-0.31062354929050423","0.02400000000000002","0.04479999999999995","0.0032","1216","0.002286705040294994","0","0.002286705040294994","0.002286705040294994","101_102:0.018773154029258443;101_100:0.015069867270168347","101_102:533.3333333333333;101_100:533.3333333333333","true"
"102","154.8977435729408","137.56981649447047","4.78666725452412","-0.31093198650261733","0.0514","0.056","0.04679999999999995","1216","0.0003381681074932644","0","0.0003381681074932644","0.0003381681074932644","102_103:0.0063259253115151015","102_103:533.3333333333333","true"
"103","353.3389115277969","244.75054385220722","4.6946717480719125","-0.31225904514446806","0.006899999999999906","0.009399999999999964","0.0044","1216","0.00024854916126967116","0","0.00024854916126967116","0.00024854916126967116","","","true"
"104","194.440498132403","131.16864638166066","4.783874363990235","-0.3122310065044028","0.0050000000000000044","0.0074","0.0026000000000000467","1216","0.00035041218265723393","0","0.00035041218265723393","0.00035041218265723393","104_103:0.004862473182909055","104_103:533.3333333333333","true"
"105","120.90516662346892","26.84126699610151","4.883438622257691","-0.30991690927064675","0.015800000000000036","0.024399999999999977","0.0072","1216","0.0003723390032960485","0","0.0003723390032960485","0.0003723390032960485","105_104:0.008252642380640718","105_104:533.3333333333333","true"
"106","286.8939834993123","275.1981801137249","4.774769354835833","-0.31270542930455303","0.00990000000000002","0.0118","0.008000000000000007","1216","0.00018120728529865687","0","0.00018120728529865687","0.00018120728529865687","106_105:0.005447348591826606","106_105:533.3333333333333","true"
"107","226.01431419779237","168.39684213036327","4.985901519928756","-0.307441695251335","0.012399999999999967","0.013599999999999945","0.0112","1216","0.0003394167817011887","0","0.0003394167817011887","0.0003394167817011887","107_106:0.004037716423414717;107_108:0.006856345774910982","107_106:533.3333333333333;107_108:533.3333333333333","true"
"108","215.781281034765","207.63474954349132","4.85764181631837","-0.3093687563471741","0.0050000000000000044","0.005600000000000049","0.0044","1216","0.0001739372864542052","0","0.0001739372864542052","0.0001739372864542052","","","true"
"109","85.91995308130105","182.6625405376211","4.794031520638471","-0.3098231211288872","0.030100000000000016","0.02959999999999996","0.0306","1216","0.00020627718949555062","0","0.00020627718949555062","0.00020627718949555062","109_96:0.007567296816075569","109_96:533.3333333333333","true"
"110","251.22722640003292","280.5917629573128","4.834518609330902","-0.30953885962680133","0.006899999999999906","0.006399999999999961","0.0074","1216","0.0001702495795574626","0","0.0001702495795574626","0.0001702495795574626","110_100:0.005154059346801104;110_118:0.005170182732459172","110_100:533.3333333333333;110_118:533.3333333333333","true"
"111","172.08600587501928","216.18393658294772","4.899669904545604","-0.30966196143120256","0.007199999999999984","0.011","0.0033999999999999586","1216","0.00020796615567340133","0","0.00020796615567340133","0.00020796615567340133","111_104:0.0078144427515974","111_104:533.3333333333333","true"
"112","253.84203428684202","81.7762779349544","4.931284377345096","-0.30828010772706876","0.013399999999999967","0.013399999999999967","0.0134","1216","0.00014176102048495755","0","0.00014176102048495755","0.00014176102048495755","112_126:0.004536985254549042;112_108:0.00473134369423614","112_126:533.3333333333333;112_108:533.3333333333333","true"
"113","286.4125397305612","65.30514026314601","4.963733754147903","-0.3084394283671576","0.0043999999999999595","0.006","0.0028000000000000247","1216","0.0001905421297930274","0","0.0001905421297930274","0.0001905421297930274","113_114:0.0045833735330821634","113_114:533.3333333333333","true"
"114","181.5636195613445","295.8890455055076","4.8845241720687484","-0.30934321871293896","0.011400000000000077","0.01319999999999999","0.0096","1216","0.0001385447509460913","0","0.0001385447509460913","0.0001385447509460913","114_109:0.003901115901635638;114_115:0.009627912386711124","114_109:533.3333333333333;114_115:533.3333333333333","true"
"115","206.29937479411618","225.42376104343296","4.742941645211472","-0.3109775593036345","0.008899999999999908","0.013399999999999967","0.0044","1216","0.00029653839169069523","0","0.00029653839169069523","0.00029653839169069523","","","true"
"116","319.00271171415886","394.8959859746419","4.931269385577527","-0.30852099993985993","0.007400000000000073","0.007600000000000051","0.0072","1216","0.0001567708562784719","0","0.0001567708562784719","0.0001567708562784719","116_115:0.006610437017947002","116_115:533.3333333333333","true"
"117","274.55197087172974","212.33487128403934","4.793036864268862","-0.3108430479754478","0.011700000000000044","0.01319999999999999","0.0102","1216","0.00052417579170585","0","0.00052417579170585","0.00052417579170585","117_116:0.009784084754500183;117_118:0.0061918463274989455","117_116:533.3333333333333;117_118:533.3333333333333","true"
"118","211.35646858502608","328.51513509115296","4.7374775547108126","-0.31213784976055814","0.007600000000000051","0.012","0.0031999999999999806","1216","0.0001807868211163834","0","0.0001807868211163834","0.0001807868211163834","","","true"
"119","300.03209297804807","257.46704031846593","4.792608197737808","-0.3115006149023877","0.006699999999999928","0.0084","0.0050000000000000044","1216","0.0005442811573559125","0","0.0005442811573559125","0.0005442811573559125","119_118:0.00968683275891763;119_120:0.007918343459927563","119_118:533.3333333333333;119_120:533.3333333333333","true"
"120","118.14541080046574","235.21972277914446","4.887787709617828","-0.30954720593807233","0.011299999999999977","0.0112","0.011399999999999966","1216","0.00029930317987975243","0","0.00029930317987975243","0.00029930317987975243","120_121:0.005113970255242517","120_121:533.3333333333333","true"
"121","294.5022468034655","29.123982082734063","4.847715718974105","-0.31085098125216193","0.010099999999999998","0.012399999999999967","0.0078","1216","0.0001900593025713697","0","0.0001900593025713697","0.0001900593025713697","121_122:0.004442826446894754","121_122:533.3333333333333","true"
"122","243.86302824890387","355.43611658315587","4.7314821222602665","-0.31159801750313826","0.005900000000000016","0.008","0.0038000000000000256","1216","0.000149299523665584","0","0.000149299523665584","0.000149299523665584","122_111:0.00987078508755071","122_111:533.3333333333333","true"
"123","286.51589840821936","166.76262143310015","4.820644006966986","-0.310311785682582","0.0047000000000000375","0.0076","0.0018000000000000238","1216","0.0001959953145269204","0","0.0001959953145269204","0.0001959953145269204","123_122:0.006332185991481526","123_122:533.3333333333333","true"
"124","252.75344367355257","233.39265762551102","4.881318206462147","-0.3092081732598848","0.007600000000000051","0.007399999999999962","0.0078","1216","0.00016168538462871848","0","0.00016168538462871848","0.00016168538462871848","124_123:0.00395448488414335","124_123:533.3333333333333","true"
"125","243.5419160599787","35.26524310084333","4.977356202481792","-0.30775761323383166","0.0042999999999999705","0.0043999999999999595","0.0042","1216","0.00017733457521640515","0","0.00017733457521640515","0.00017733457521640515","125_124:0.006749475047509779","125_124:533.3333333333333","true"
"126","335.47081737101496","88.78570364937349","4.831260531813182","-0.3093005432479466","0.017100000000000004","0.015199999999999991","0.019","1216","0.00015923833599909958","0","0.00015923833599909958","0.00015923833599909958","126_125:0.004884642154817848","126_125:533.3333333333333","true"